tag,device,description,signal,range,units,station,safety,notes
ES-0001,X0,E-stop circuit healthy (safety relay aux contact),DI 24 V,,,CELL,SAFETY,Read-only in the standard program; the E-stop itself is hard-wired
PB-0002,X1,Fault reset pushbutton,DI 24 V,,,CELL,,
SS-0003,X2,Auto mode selector,DI 24 V,,,CELL,,
PE-1001,X10,Pallet at stop photo-eye,DI 24 V,,,ST10,,
PE-1002,X11,Conveyor entry photo-eye,DI 24 V,,,ST10,,
MOL-1001,X13,Conveyor motor overload healthy,DI 24 V,,,ST10,,
RQ-1005,X14,Pallet release request from line controller,DI 24 V,,,ST10,,
M-1001,Y10,Conveyor motor contactor,DO relay,,,ST10,,
XY-1004,Y11,Stopper release solenoid,DO 24 V,,,ST10,,
ZS-2002A,X20,Clamp closed limit switch,DI 24 V,,,ST20,,
Zs-2002B,X21,Clamp open limit switch,DI 24 V,,,ST20,,
PS-2009,X22,Supply air pressure OK switch,DI 24 V,,,ST20,,
ZS-2008,X23,Pallet in test position,DI 24 V,,,ST20,,
SPARE,X24,Spare input,DI 24 V,,,ST20,,Wired to TB-2 terminal 14
PB-2010,X25,Manual vent pushbutton,DI 24 V,,,ST20,,
XY-2002,Y20,Clamp close solenoid,DO 24 V,,,ST20,,
XV-2003,Y21,Fill valve (regulated supply to pack),DO 24 V,,,ST20,,
XV-2004,Y22,Vent valve (pack to atmosphere),DO 24 V,,,ST20,,
RS-2006,Y23,ST20 PASS to line controller,DO 24 V,,,ST20,,
RS-2007,Y24,ST20 FAIL / reject request to line controller,DO 24 V,,,ST20,,
HL-2011,Y25,ST20 fault beacon,DO 24 V,,,ST20,,
PT-2001,D100,Pack pressure transmitter via FX5-4AD-ADP CH1 (scaling 0..10000),AI 4-20 mA,0-100,kPa(g) x100,ST20,,Scaled in the adapter; wire break reads below -500
HP-3003,X30,HiPot tester PASS,DI 24 V,,,ST30,,
HP-3004,X31,HiPot tester FAIL,DI 24 V,,,ST30,,
ZS-3002,X32,Guard door closed (interlock switch),DI 24 V,,,ST30,SAFETY,
ZS-3001,X33,Pallet in ST30,DI 24 V,,,ST30,,
HP-3005,Y30,HiPot tester start (HV enable),DO 24 V,,,ST30,SAFETY,
HL-3006,Y31,HV-on warning beacon,DO 24 V,,,ST30,SAFETY,
